{"nodes":[{"id":140147,"x":225,"y":1375,"minimized":true,"expandedLeft":true,"expandedRight":false,"marked":false},{"id":164433,"x":25,"y":1275,"minimized":true,"expandedLeft":false,"expandedRight":false,"marked":false},{"id":164422,"x":25,"y":1375,"minimized":true,"expandedLeft":false,"expandedRight":false,"marked":false},{"id":164411,"x":25,"y":1475,"minimized":true,"expandedLeft":false,"expandedRight":false,"marked":false},{"id":140137,"x":25,"y":2625,"minimized":true,"expandedLeft":false,"expandedRight":false,"marked":false},{"id":170605,"x":25,"y":925,"minimized":true,"expandedLeft":false,"expandedRight":false,"marked":false},{"id":140105,"x":25,"y":2025,"minimized":true,"expandedLeft":false,"expandedRight":false,"marked":false},{"id":140098,"x":25,"y":225,"minimized":true,"expandedLeft":false,"expandedRight":false,"marked":false},{"id":140090,"x":25,"y":1725,"minimized":true,"expandedLeft":false,"expandedRight":false,"marked":false},{"id":140067,"x":25,"y":1425,"minimized":true,"expandedLeft":false,"expandedRight":false,"marked":false},{"id":140006,"x":25,"y":525,"minimized":true,"expandedLeft":false,"expandedRight":false,"marked":false},{"id":139981,"x":25,"y":1675,"minimized":true,"expandedLeft":false,"expandedRight":false,"marked":false},{"id":139973,"x":25,"y":1875,"minimized":true,"expandedLeft":false,"expandedRight":false,"marked":false},{"id":139965,"x":25,"y":1975,"minimized":true,"expandedLeft":false,"expandedRight":false,"marked":false},{"id":139916,"x":25,"y":1575,"minimized":true,"expandedLeft":false,"expandedRight":false,"marked":false},{"id":139893,"x":25,"y":2525,"minimized":true,"expandedLeft":false,"expandedRight":false,"marked":false},{"id":139876,"x":25,"y":1075,"minimized":true,"expandedLeft":false,"expandedRight":false,"marked":false},{"id":139845,"x":25,"y":1825,"minimized":true,"expandedLeft":false,"expandedRight":false,"marked":false},{"id":139828,"x":25,"y":675,"minimized":true,"expandedLeft":false,"expandedRight":false,"marked":false},{"id":139821,"x":25,"y":325,"minimized":true,"expandedLeft":false,"expandedRight":false,"marked":false},{"id":139804,"x":25,"y":1025,"minimized":true,"expandedLeft":false,"expandedRight":false,"marked":false},{"id":139780,"x":25,"y":75,"minimized":true,"expandedLeft":false,"expandedRight":false,"marked":false},{"id":139771,"x":25,"y":25,"minimized":true,"expandedLeft":false,"expandedRight":false,"marked":false},{"id":139763,"x":25,"y":1175,"minimized":true,"expandedLeft":false,"expandedRight":false,"marked":false},{"id":139754,"x":25,"y":1775,"minimized":true,"expandedLeft":false,"expandedRight":false,"marked":false},{"id":139731,"x":25,"y":2075,"minimized":true,"expandedLeft":false,"expandedRight":false,"marked":false},{"id":139707,"x":25,"y":2175,"minimized":true,"expandedLeft":false,"expandedRight":false,"marked":false},{"id":139699,"x":25,"y":2275,"minimized":true,"expandedLeft":false,"expandedRight":false,"marked":false},{"id":139676,"x":25,"y":2375,"minimized":true,"expandedLeft":false,"expandedRight":false,"marked":false},{"id":139659,"x":25,"y":2475,"minimized":true,"expandedLeft":false,"expandedRight":false,"marked":false},{"id":139635,"x":25,"y":2575,"minimized":true,"expandedLeft":false,"expandedRight":false,"marked":false},{"id":139618,"x":25,"y":2675,"minimized":true,"expandedLeft":false,"expandedRight":false,"marked":false},{"id":139609,"x":25,"y":2425,"minimized":true,"expandedLeft":false,"expandedRight":false,"marked":false},{"id":139601,"x":25,"y":2325,"minimized":true,"expandedLeft":false,"expandedRight":false,"marked":false},{"id":139592,"x":25,"y":2225,"minimized":true,"expandedLeft":false,"expandedRight":false,"marked":false},{"id":139584,"x":25,"y":2125,"minimized":true,"expandedLeft":false,"expandedRight":false,"marked":false},{"id":139575,"x":25,"y":1925,"minimized":true,"expandedLeft":false,"expandedRight":false,"marked":false},{"id":139560,"x":25,"y":1625,"minimized":true,"expandedLeft":false,"expandedRight":false,"marked":false},{"id":139552,"x":25,"y":1525,"minimized":true,"expandedLeft":false,"expandedRight":false,"marked":false},{"id":139528,"x":25,"y":1325,"minimized":true,"expandedLeft":false,"expandedRight":false,"marked":false},{"id":139519,"x":25,"y":1225,"minimized":true,"expandedLeft":false,"expandedRight":false,"marked":false},{"id":139510,"x":25,"y":1125,"minimized":true,"expandedLeft":false,"expandedRight":false,"marked":false},{"id":139495,"x":25,"y":825,"minimized":true,"expandedLeft":false,"expandedRight":false,"marked":false},{"id":139487,"x":25,"y":725,"minimized":true,"expandedLeft":false,"expandedRight":false,"marked":false},{"id":139480,"x":25,"y":625,"minimized":true,"expandedLeft":false,"expandedRight":false,"marked":false},{"id":139455,"x":25,"y":425,"minimized":true,"expandedLeft":false,"expandedRight":false,"marked":false},{"id":139446,"x":25,"y":125,"minimized":true,"expandedLeft":false,"expandedRight":false,"marked":false},{"id":139431,"x":25,"y":175,"minimized":true,"expandedLeft":false,"expandedRight":false,"marked":false},{"id":139422,"x":25,"y":275,"minimized":true,"expandedLeft":false,"expandedRight":false,"marked":false},{"id":139405,"x":25,"y":375,"minimized":true,"expandedLeft":false,"expandedRight":false,"marked":false},{"id":139396,"x":25,"y":475,"minimized":true,"expandedLeft":false,"expandedRight":false,"marked":false},{"id":139387,"x":25,"y":575,"minimized":true,"expandedLeft":false,"expandedRight":false,"marked":false},{"id":139373,"x":25,"y":775,"minimized":true,"expandedLeft":false,"expandedRight":false,"marked":false},{"id":139356,"x":25,"y":875,"minimized":true,"expandedLeft":false,"expandedRight":false,"marked":false},{"id":139339,"x":25,"y":975,"minimized":true,"expandedLeft":false,"expandedRight":false,"marked":false}]}